outcome_cluster,outcome_cluster_label,baseline_cluster,baseline_cluster_label,feature,coefficient,odds_ratio,model
cluster2_yuan_ming,Yuan and Ming,cluster1_song_and_before,Song and before,intercept,-2.7016156815209715,0.06709701770502162,baseline_category_multinomial_logit_numpy_l2
cluster2_yuan_ming,Yuan and Ming,cluster1_song_and_before,Song and before,x_model_z,0.44036993175509953,1.5532817204745437,baseline_category_multinomial_logit_numpy_l2
cluster2_yuan_ming,Yuan and Ming,cluster1_song_and_before,Song and before,y_model_z,-0.05872919691352956,0.9429620916293205,baseline_category_multinomial_logit_numpy_l2
cluster2_yuan_ming,Yuan and Ming,cluster1_song_and_before,Song and before,x_model_z_sq,0.020303580329203468,1.0205111001015688,baseline_category_multinomial_logit_numpy_l2
cluster2_yuan_ming,Yuan and Ming,cluster1_song_and_before,Song and before,y_model_z_sq,-0.004598267669771137,0.9954122881772757,baseline_category_multinomial_logit_numpy_l2
cluster2_yuan_ming,Yuan and Ming,cluster1_song_and_before,Song and before,xy_model_z,0.521766764709471,1.685002023526386,baseline_category_multinomial_logit_numpy_l2
cluster2_yuan_ming,Yuan and Ming,cluster1_song_and_before,Song and before,is_high_official,-1.8616170740405853,0.15542109962532802,baseline_category_multinomial_logit_numpy_l2
cluster2_yuan_ming,Yuan and Ming,cluster1_song_and_before,Song and before,has_civil_exam,1.072298594872904,2.9220884840124355,baseline_category_multinomial_logit_numpy_l2
cluster2_yuan_ming,Yuan and Ming,cluster1_song_and_before,Song and before,has_yin_privilege,-2.77389341253245,0.062418510027855464,baseline_category_multinomial_logit_numpy_l2
cluster2_yuan_ming,Yuan and Ming,cluster1_song_and_before,Song and before,has_recommendation,0.5429718544852135,1.721114170204078,baseline_category_multinomial_logit_numpy_l2
cluster2_yuan_ming,Yuan and Ming,cluster1_song_and_before,Song and before,has_technical_exam,-1.5357614818893426,0.21529168801360193,baseline_category_multinomial_logit_numpy_l2
cluster2_yuan_ming,Yuan and Ming,cluster1_song_and_before,Song and before,degree_z,0.30427565928306693,1.3556427000828877,baseline_category_multinomial_logit_numpy_l2
cluster2_yuan_ming,Yuan and Ming,cluster1_song_and_before,Song and before,clustering_z,-0.04724127195681805,0.9538572308244886,baseline_category_multinomial_logit_numpy_l2
cluster2_yuan_ming,Yuan and Ming,cluster1_song_and_before,Song and before,eigenvector_z,-10.23661516802647,3.583393645061091e-05,baseline_category_multinomial_logit_numpy_l2
cluster2_yuan_ming,Yuan and Ming,cluster1_song_and_before,Song and before,betweenness_z,-0.28626504724547763,0.7510635222456831,baseline_category_multinomial_logit_numpy_l2
cluster2_yuan_ming,Yuan and Ming,cluster1_song_and_before,Song and before,bureau_astronomical,-0.07688267233214796,0.9259984924767549,baseline_category_multinomial_logit_numpy_l2
cluster2_yuan_ming,Yuan and Ming,cluster1_song_and_before,Song and before,bureau_medical,2.300727787807442,9.981444185373489,baseline_category_multinomial_logit_numpy_l2
cluster2_yuan_ming,Yuan and Ming,cluster1_song_and_before,Song and before,bureau_hydraulic,0.5141143863024387,1.672156960748927,baseline_category_multinomial_logit_numpy_l2
cluster2_yuan_ming,Yuan and Ming,cluster1_song_and_before,Song and before,bureau_military_industrial,-2.9930679616819256,0.050133393215258525,baseline_category_multinomial_logit_numpy_l2
cluster2_yuan_ming,Yuan and Ming,cluster1_song_and_before,Song and before,bureau_construction,-1.6201520128109699,0.19786861823247498,baseline_category_multinomial_logit_numpy_l2
cluster3_qing_after,Qing and after,cluster1_song_and_before,Song and before,intercept,-4.762660060271322,0.008542854638173317,baseline_category_multinomial_logit_numpy_l2
cluster3_qing_after,Qing and after,cluster1_song_and_before,Song and before,x_model_z,0.6850587273995414,1.9838883407193344,baseline_category_multinomial_logit_numpy_l2
cluster3_qing_after,Qing and after,cluster1_song_and_before,Song and before,y_model_z,0.2733335102559809,1.314338517111813,baseline_category_multinomial_logit_numpy_l2
cluster3_qing_after,Qing and after,cluster1_song_and_before,Song and before,x_model_z_sq,0.18876258263684043,1.207754176629505,baseline_category_multinomial_logit_numpy_l2
cluster3_qing_after,Qing and after,cluster1_song_and_before,Song and before,y_model_z_sq,0.10998084138831082,1.1162566843256472,baseline_category_multinomial_logit_numpy_l2
cluster3_qing_after,Qing and after,cluster1_song_and_before,Song and before,xy_model_z,0.8713929900778626,2.3902381135420505,baseline_category_multinomial_logit_numpy_l2
cluster3_qing_after,Qing and after,cluster1_song_and_before,Song and before,is_high_official,-1.451227441269547,0.23428254347252006,baseline_category_multinomial_logit_numpy_l2
cluster3_qing_after,Qing and after,cluster1_song_and_before,Song and before,has_civil_exam,1.9987998695904008,7.380193587156764,baseline_category_multinomial_logit_numpy_l2
cluster3_qing_after,Qing and after,cluster1_song_and_before,Song and before,has_yin_privilege,0.08554824522612896,1.0893141142821103,baseline_category_multinomial_logit_numpy_l2
cluster3_qing_after,Qing and after,cluster1_song_and_before,Song and before,has_recommendation,-0.8849911209218677,0.41271783781670934,baseline_category_multinomial_logit_numpy_l2
cluster3_qing_after,Qing and after,cluster1_song_and_before,Song and before,has_technical_exam,0.9961272788971047,2.707775039122454,baseline_category_multinomial_logit_numpy_l2
cluster3_qing_after,Qing and after,cluster1_song_and_before,Song and before,degree_z,-4.4375429827487025,0.011824956979018812,baseline_category_multinomial_logit_numpy_l2
cluster3_qing_after,Qing and after,cluster1_song_and_before,Song and before,clustering_z,-0.297959909248502,0.7423310997628695,baseline_category_multinomial_logit_numpy_l2
cluster3_qing_after,Qing and after,cluster1_song_and_before,Song and before,eigenvector_z,-2.5821485804788886,0.07561137225328185,baseline_category_multinomial_logit_numpy_l2
cluster3_qing_after,Qing and after,cluster1_song_and_before,Song and before,betweenness_z,-0.5236255932158747,0.5923689610511145,baseline_category_multinomial_logit_numpy_l2
cluster3_qing_after,Qing and after,cluster1_song_and_before,Song and before,bureau_astronomical,-1.7173056555571478,0.17954926434078983,baseline_category_multinomial_logit_numpy_l2
cluster3_qing_after,Qing and after,cluster1_song_and_before,Song and before,bureau_medical,-0.03000011776240875,0.9704454192665113,baseline_category_multinomial_logit_numpy_l2
cluster3_qing_after,Qing and after,cluster1_song_and_before,Song and before,bureau_hydraulic,1.7419811194335895,5.7086417283976685,baseline_category_multinomial_logit_numpy_l2
cluster3_qing_after,Qing and after,cluster1_song_and_before,Song and before,bureau_military_industrial,-3.1092107607122923,0.044636170061091024,baseline_category_multinomial_logit_numpy_l2
cluster3_qing_after,Qing and after,cluster1_song_and_before,Song and before,bureau_construction,-1.2496784863925687,0.28659692686070576,baseline_category_multinomial_logit_numpy_l2
