source,target,weight
3,962,1
3,11372,1
4,3504,1
4,7097,1
4,13312,1
4,13313,1
4,13314,1
13,25,1
13,310,1
13,559,1
13,561,1
13,685,1
13,924,1
13,1314,1
13,1488,1
13,1571,1
13,1847,1
13,3012,1
13,8001,1
13,13513,1
13,13518,1
13,20276,1
13,24988,1
13,40287,1
15,18,1
15,67,1
15,3047,1
15,34100,1
16,11650,1
18,67,1
18,3047,1
18,3941,1
18,34100,1
25,14301,1
33,98,1
33,589,1
33,874,1
34,217,1
34,985,1
34,22250,1
34,700146,1
37,597,1
37,602,1
62,10565,1
62,42063,1
67,630,1
67,1232,1
67,3047,1
67,11650,1
67,34100,1
79,3484,1
93,8116,1
98,99,1
98,1488,1
98,1882,1
98,14224,1
98,14310,1
98,22250,1
99,1488,1
116,217,1
116,1488,1
116,15760,1
118,123,1
118,634,1
118,1762,1
118,3107,1
118,3114,1
118,7120,1
118,700146,1
122,1762,1
122,2112,1
128,630,1
128,10565,1
145,1762,1
150,3033,1
150,3759,1
150,10565,1
174,4001,1
174,10565,1
185,205,1
185,280,1
185,282,1
185,7097,1
185,13674,1
185,13675,1
185,26518,1
185,700146,1
198,12428,1
200,3997,1
200,10681,1
200,22250,1
200,24380,1
205,280,1
205,282,1
205,559,1
211,405,1
211,1058,1
211,4001,1
211,10565,1
211,10566,1
211,22849,1
213,1488,1
213,3351,1
217,559,1
217,621,1
217,636,1
217,797,1
217,1092,1
217,1096,1
217,1488,1
217,1558,1
217,1634,1
217,1653,1
217,1661,1
217,1730,1
217,1762,1
217,1828,1
217,1844,1
217,1881,1
217,3957,1
217,8049,1
217,8116,1
217,13612,1
217,15884,1
217,19611,1
217,20221,1
217,20498,1
217,39847,1
223,1488,1
237,559,1
237,1488,1
245,279,1
245,1762,1
249,8013,1
262,1502,1
262,1945,1
262,1949,1
262,7011,1
262,7097,1
262,7317,1
262,7336,1
262,7390,1
267,1229,1
267,1762,1
268,318,1
271,559,1
271,1558,1
271,3180,1
279,326,1
279,630,1
279,986,1
279,1315,1
279,1558,1
279,1881,1
280,282,1
280,8153,1
295,13972,1
299,1488,1
299,1558,1
299,3700,1
299,7161,1
299,13378,1
301,1309,1
301,13573,1
315,8016,1
318,1653,1
318,7069,1
318,12319,1
326,3638,1
326,7053,1
332,630,1
332,1169,1
332,1558,1
332,1615,1
332,1762,1
332,1777,1
332,3997,1
332,7097,1
332,46425,1
332,52462,1
345,1789,1
345,3184,1
348,828,1
348,8153,1
373,375,1
375,402,1
375,628,1
375,780,1
375,1453,1
375,1762,1
375,1847,1
375,2022,1
375,11578,1
375,17517,1
375,19123,1
402,1489,1
456,16098,1
487,1488,1
487,13378,1
512,1349,1
512,8075,1
512,16458,1
513,531,1
521,3908,1
521,16667,1
530,531,1
531,22250,1
559,561,1
559,628,1
559,630,1
559,636,1
559,663,1
559,962,1
559,1036,1
559,1314,1
559,1488,1
559,1555,1
559,1617,1
559,1661,1
559,1662,1
559,1762,1
559,2032,1
559,3484,1
559,3977,1
559,4001,1
559,4112,1
559,7063,1
559,7070,1
559,7239,1
559,7240,1
559,7397,1
559,8016,1
559,8072,1
559,11135,1
559,11800,1
559,14973,1
559,16745,1
559,26456,1
559,52268,1
561,3013,1
561,16745,1
562,1488,1
569,874,1
586,593,1
589,593,1
593,43692,1
597,602,1
597,3303,1
602,1309,1
621,3356,1
621,43532,1
628,1488,1
628,1555,1
628,1730,1
628,1762,1
628,2022,1
628,3313,1
628,3718,1
628,8116,1
628,16745,1
628,19149,1
628,24894,1
628,27761,1
630,636,1
630,642,1
630,656,1
630,780,1
630,1316,1
630,1488,1
630,1558,1
630,1634,1
630,1730,1
630,1847,1
630,1877,1
630,3321,1
630,3325,1
630,4153,1
630,7358,1
630,8116,1
630,8153,1
630,11701,1
630,13972,1
630,15751,1
630,17724,1
630,17730,1
630,17743,1
630,27761,1
630,40396,1
630,52545,1
631,3321,1
634,636,1
634,8049,1
634,15598,1
636,664,1
636,1309,1
636,1315,1
636,1316,1
636,8049,1
642,3321,1
642,52545,1
655,4175,1
656,17743,1
663,1957,1
664,1314,1
664,1762,1
664,8049,1
664,8165,1
667,3331,1
685,46642,1
686,26376,1
704,16877,1
718,1762,1
728,1762,1
728,7240,1
728,17100,1
770,1762,1
797,1464,1
810,3388,1
818,3484,1
828,1615,1
828,1750,1
828,1885,1
828,44637,1
828,44640,1
828,44641,1
830,832,1
832,1314,1
840,12053,1
840,12951,1
843,1243,1
843,12604,1
853,1309,1
861,3997,1
861,4112,1
861,4165,1
874,1232,1
874,18272,1
874,571577,1
875,1903,1
882,39817,1
899,1767,1
911,1558,1
911,1762,1
911,8116,1
911,12319,1
913,1391,1
941,1762,1
941,47457,1
942,1488,1
953,7011,1
953,8116,1
962,1309,1
962,2032,1
962,8116,1
964,1762,1
968,3468,1
971,1762,1
971,7390,1
971,8116,1
986,7097,1
986,8075,1
987,17275,1
1004,4001,1
1005,19598,1
1006,1488,1
1006,1885,1
1024,1762,1
1024,3528,1
1025,3502,1
1036,1096,1
1048,1762,1
1048,3504,1
1048,3505,1
1079,19733,1
1079,19735,1
1079,22550,1
1086,1096,1
1086,3501,1
1086,8116,1
1086,19149,1
1092,13810,1
1096,1169,1
1096,1558,1
1096,19149,1
1096,46642,1
1108,19155,1
1144,2022,1
1144,13712,1
1169,8177,1
1169,20180,1
1169,699695,1
1171,1309,1
1183,13809,1
1201,1762,1
1201,34020,1
1204,8090,1
1207,7011,1
1207,13243,1
1207,15706,1
1225,1488,1
1229,7097,1
1230,1488,1
1230,2022,1
1230,4001,1
1230,27078,1
1236,1762,1
1237,10566,1
1241,1777,1
1302,1309,1
1309,1408,1
1309,1762,1
1309,1789,1
1309,2032,1
1314,1315,1
1314,1316,1
1314,1488,1
1314,1538,1
1314,1762,1
1314,1847,1
1314,3718,1
1314,4001,1
1314,11135,1
1315,1316,1
1316,1762,1
1316,8153,1
1320,1954,1
1326,1762,1
1346,1349,1
1361,1762,1
1361,3709,1
1361,7059,1
1364,8104,1
1366,4001,1
1366,11800,1
1366,68454,1
1391,1392,1
1391,1393,1
1391,1486,1
1391,1488,1
1391,3700,1
1391,7317,1
1393,8165,1
1405,1406,1
1405,1488,1
1408,1450,1
1408,1488,1
1414,1762,1
1443,1450,1
1443,1762,1
1446,7328,1
1446,20885,1
1446,20889,1
1450,1537,1
1450,3351,1
1450,3484,1
1450,4067,1
1450,7323,1
1450,18655,1
1450,27005,1
1450,27007,1
1450,27019,1
1453,1595,1
1453,1762,1
1453,3484,1
1453,7011,1
1455,700465,1
1455,700520,1
1462,20977,1
1464,8116,1
1486,1488,1
1486,8109,1
1488,1571,1
1488,1615,1
1488,1762,1
1488,1835,1
1488,1844,1
1488,1847,1
1488,2022,1
1488,2082,1
1488,2123,1
1488,3700,1
1488,3718,1
1488,3977,1
1488,4001,1
1488,4175,1
1488,7053,1
1488,7109,1
1488,8165,1
1488,11135,1
1488,17743,1
1488,19149,1
1488,20221,1
1488,21226,1
1489,1762,1
1490,8153,1
1491,1496,1
1491,19178,1
1502,1730,1
1531,1762,1
1531,12319,1
1532,1538,1
1537,3461,1
1552,1877,1
1555,8116,1
1558,1617,1
1558,1730,1
1558,1847,1
1558,3180,1
1558,3528,1
1558,3802,1
1558,3810,1
1558,4153,1
1558,7042,1
1558,8165,1
1571,1762,1
1571,4001,1
1571,8116,1
1571,13810,1
1591,11800,1
1595,1600,1
1600,7109,1
1600,17872,1
1615,7097,1
1615,21610,1
1615,46425,1
1617,1762,1
1617,3313,1
1634,1635,1
1634,3842,1
1635,1762,1
1635,4001,1
1635,8116,1
1653,1661,1
1653,12110,1
1658,1957,1
1658,12104,1
1661,3957,1
1662,1954,1
1668,10566,1
1679,21810,1
1722,1762,1
1722,8116,1
1730,3957,1
1730,4001,1
1730,8116,1
1730,10681,1
1730,26373,1
1730,27057,1
1732,12319,1
1762,1844,1
1762,1847,1
1762,1957,1
1762,2007,1
1762,2026,1
1762,2032,1
1762,2112,1
1762,3013,1
1762,3307,1
1762,3484,1
1762,3505,1
1762,3739,1
1762,3941,1
1762,4001,1
1762,7053,1
1762,7099,1
1762,7239,1
1762,7240,1
1762,7323,1
1762,8016,1
1762,8033,1
1762,8109,1
1762,10178,1
1762,10565,1
1762,10566,1
1762,11135,1
1762,11247,1
1762,11337,1
1762,12319,1
1762,13378,1
1762,14074,1
1762,16173,1
1762,16667,1
1762,17517,1
1762,18268,1
1762,18644,1
1762,19611,1
1762,20849,1
1762,21429,1
1762,22199,1
1762,25459,1
1762,27078,1
1762,27762,1
1762,40169,1
1762,42396,1
1762,45682,1
1762,45771,1
1767,3941,1
1773,8150,1
1804,1844,1
1804,22250,1
1824,17355,1
1828,1877,1
1829,8116,1
1844,1891,1
1844,13378,1
1844,22250,1
1847,3718,1
1847,4001,1
1847,22236,1
1847,43532,1
1877,3977,1
1881,3325,1
1881,7042,1
1881,8153,1
1881,12319,1
1882,699695,1
1884,19699,1
1885,3638,1
1885,8006,1
1885,8116,1
1895,13378,1
1903,8150,1
1903,690127,1
1936,11800,1
1942,27019,1
1945,1949,1
1945,4205,1
1945,7390,1
1949,7390,1
1952,7391,1
1955,2022,1
1955,19699,1
1967,8090,1
1967,13378,1
1967,37916,1
1996,4001,1
2001,2022,1
2008,7097,1
2015,7097,1
2022,2034,1
2022,13712,1
2022,19699,1
2022,22000,1
2022,22849,1
2032,8116,1
2058,10566,1
2058,11146,1
2085,8016,1
2112,3381,1
2112,4153,1
2112,8116,1
2126,21637,1
3012,3997,1
3012,8001,1
3012,13518,1
3080,3709,1
3080,14207,1
3088,4001,1
3090,7109,1
3130,3915,1
3130,11605,1
3130,22451,1
3130,31407,1
3299,11284,1
3343,17394,1
3356,13378,1
3364,10565,1
3484,7059,1
3484,21169,1
3501,19149,1
3502,3675,1
3504,3505,1
3504,22072,1
3505,12319,1
3528,8049,1
3533,10566,1
3591,4001,1
3591,19123,1
3604,18336,1
3608,144863,1
3634,4007,1
3634,4042,1
3634,18165,1
3638,20498,1
3709,8116,1
3709,18395,1
3718,4001,1
3718,43532,1
3725,14973,1
3735,20885,1
3739,8109,1
3739,512631,1
3838,13378,1
3842,45771,1
3856,7069,1
3915,15353,1
3915,31498,1
3915,31552,1
3915,32175,1
3915,32248,1
3915,92866,1
3915,95071,1
3915,194998,1
3941,7059,1
3941,15706,1
3941,22250,1
3957,15706,1
3977,13674,1
3977,43532,1
3997,8074,1
3997,8116,1
3997,8153,1
3997,15848,1
3997,17917,1
4001,7097,1
4001,8165,1
4001,10831,1
4001,10892,1
4001,10895,1
4001,11062,1
4001,12072,1
4001,13258,1
4001,13810,1
4001,13845,1
4001,13855,1
4001,14834,1
4001,16040,1
4001,18954,1
4001,20932,1
4001,24324,1
4001,24710,1
4001,26428,1
4001,38648,1
4001,40916,1
4001,46608,1
4118,12351,1
4153,17730,1
4153,570923,1
4207,7097,1
4207,8165,1
7042,7097,1
7053,15884,1
7059,13243,1
7059,22072,1
7070,7358,1
7097,8153,1
7097,11800,1
7097,12941,1
7097,12944,1
7097,13312,1
7097,22072,1
7097,46640,1
7108,18731,1
7279,699428,1
7317,19611,1
7358,17730,1
7390,15617,1
8006,46642,1
8012,13573,1
8013,8074,1
8033,16330,1
8033,16333,1
8049,8153,1
8075,12941,1
8075,16239,1
8075,26369,1
8087,20431,1
8087,20432,1
8090,13378,1
8109,26373,1
8116,11612,1
8116,12941,1
8116,13360,1
8116,16667,1
8116,18246,1
8116,18574,1
8116,21237,1
8116,21637,1
8116,26373,1
8116,26376,1
8116,45885,1
8116,46425,1
8153,27057,1
10242,14973,1
10565,10566,1
10565,11450,1
10565,19123,1
10565,19699,1
10565,21482,1
10565,42063,1
10565,43094,1
10566,11450,1
10566,12134,1
10566,12319,1
10566,13279,1
10566,14103,1
10566,14913,1
10566,16302,1
10566,17100,1
10566,17956,1
10566,19123,1
10566,19597,1
10566,27562,1
10566,43094,1
10566,49974,1
10831,11800,1
10890,10892,1
10892,12890,1
10892,12978,1
10892,14994,1
10892,19322,1
10892,19701,1
10892,21998,1
10902,16147,1
11135,12319,1
11236,11247,1
11547,11557,1
11605,31407,1
11701,22250,1
11800,12053,1
11800,14821,1
11800,15431,1
11800,15806,1
11800,16504,1
11800,38648,1
12319,12323,1
12319,19123,1
12319,27057,1
12319,37610,1
12958,13919,1
13243,18616,1
13312,13314,1
13376,13378,1
13378,22250,1
13378,26285,1
13378,27761,1
13378,41312,1
13809,13810,1
13809,24324,1
13809,26151,1
13940,15192,1
13940,27562,1
14043,14045,1
14043,699635,1
14215,15288,1
14858,14866,1
15288,15289,1
15353,31407,1
15501,41385,1
15706,15752,1
15883,15884,1
15884,15885,1
16132,16134,1
17100,17102,1
17100,17108,1
17100,17109,1
17358,17361,1
17879,46425,1
17930,17931,1
18205,19880,1
18246,18257,1
18336,26369,1
18946,18950,1
18954,41961,1
19123,19880,1
19123,24735,1
19123,39948,1
19123,40916,1
19123,41385,1
19123,42680,1
19560,19563,1
19668,19669,1
19699,19701,1
19699,33311,1
19879,19880,1
20268,20276,1
20431,20432,1
21274,26518,1
21429,21432,1
21629,26369,1
21721,21724,1
21724,99043,1
22451,31407,1
22451,94718,1
22548,22549,1
22548,22550,1
22559,22561,1
22559,93164,1
22560,22561,1
22560,93159,1
24295,37736,1
24554,30315,1
24554,67467,1
24554,67777,1
24554,67890,1
24554,68083,1
24554,68196,1
24554,68197,1
24554,68200,1
24554,68267,1
24554,68422,1
24554,126657,1
24554,128594,1
24554,128649,1
24554,129514,1
24554,130981,1
24691,32248,1
26369,26373,1
26518,700146,1
28347,66441,1
28347,66668,1
28347,66883,1
28347,132539,1
29291,112150,1
30315,67777,1
30315,68267,1
30601,35266,1
30680,68264,1
31407,32016,1
31407,32034,1
31407,32085,1
31407,32205,1
31407,92999,1
31407,93096,1
31407,94549,1
31407,94758,1
31498,31501,1
32016,32019,1
32248,33153,1
32248,92999,1
32248,93025,1
32248,94273,1
32248,95071,1
32351,32352,1
32575,92608,1
32878,32879,1
33625,92176,1
33828,124804,1
33828,131106,1
34189,56862,1
34220,124804,1
34220,124891,1
34220,131106,1
34534,34647,1
34637,64213,1
34637,131720,1
34646,68242,1
34646,68258,1
34647,128594,1
34647,131629,1
34653,128508,1
34655,67794,1
34655,68273,1
34655,68313,1
34655,69196,1
34748,34752,1
34752,34754,1
35224,35225,1
35266,124068,1
35266,126299,1
35266,131066,1
35266,131392,1
35266,207775,1
38121,38275,1
40346,40353,1
44584,386323,1
45177,46569,1
45685,47040,1
45885,45886,1
51873,699695,1
55706,131944,1
56862,75284,1
57204,64906,1
57497,59002,1
58388,60793,1
59658,124967,1
59889,366279,1
61573,131392,1
62139,129979,1
62505,126657,1
62505,347187,1
63413,699791,1
63413,699794,1
64213,91233,1
64213,128139,1
64213,132261,1
64213,132281,1
65602,131392,1
66522,131720,1
66673,131720,1
66896,68258,1
67132,67546,1
67157,69196,1
67157,130210,1
67157,296107,1
67159,124967,1
67281,124068,1
67281,131392,1
67434,131720,1
67443,127906,1
67448,131720,1
67733,387291,1
67777,68004,1
67777,127906,1
67777,128191,1
67855,127906,1
67906,127906,1
68083,200321,1
68195,68282,1
68195,69142,1
68196,128956,1
68200,68258,1
68201,68258,1
68203,68395,1
68216,125136,1
68216,128304,1
68216,132583,1
68216,133164,1
68242,68251,1
68242,125309,1
68242,131720,1
68255,69142,1
68255,124891,1
68257,68349,1
68258,100017,1
68258,131720,1
68282,68349,1
68296,132583,1
68303,131106,1
68303,131629,1
68303,133063,1
68307,132583,1
68313,68349,1
68317,68323,1
68317,128301,1
68347,69142,1
68349,68422,1
68349,69142,1
68349,69148,1
68395,127501,1
68395,128233,1
68502,131106,1
68502,306782,1
68548,131106,1
69113,132583,1
69142,125136,1
69142,132583,1
69142,132917,1
69145,125309,1
69148,132583,1
69196,124891,1
69196,125136,1
69196,125309,1
71875,131392,1
92022,92608,1
92079,94116,1
92921,93096,1
102569,102575,1
110115,110129,1
110845,112150,1
122198,129885,1
122637,133370,1
124068,126299,1
124068,127627,1
124068,129979,1
124068,131066,1
124068,207062,1
124308,124967,1
124308,131392,1
124733,129935,1
124733,131106,1
124734,132680,1
124804,131392,1
124804,132680,1
124886,130150,1
124891,125185,1
124891,126387,1
124891,130150,1
124891,132768,1
124967,125336,1
124967,125694,1
124967,126299,1
124967,128797,1
124967,207062,1
125077,578729,1
125136,127385,1
125136,131106,1
125136,132583,1
125163,131106,1
125185,131720,1
125309,129768,1
125309,130144,1
125309,130195,1
126299,128441,1
126299,131392,1
126387,127166,1
126387,130719,1
126387,206740,1
126692,282018,1
127166,132583,1
127192,128441,1
127192,131392,1
127467,200449,1
127467,258078,1
127541,131724,1
127625,128441,1
127906,131243,1
127906,131720,1
128233,298672,1
128301,133718,1
128441,128945,1
128441,207182,1
129408,264201,1
130144,132583,1
130150,131229,1
130195,130204,1
130733,131392,1
130733,370734,1
131106,132583,1
131229,132583,1
131285,131392,1
131352,133408,1
131352,694852,1
131392,131724,1
131392,132642,1
131392,132680,1
131392,133281,1
131392,207057,1
131392,207080,1
131392,207183,1
131392,207222,1
131392,207715,1
131720,133425,1
131720,294567,1
131967,330535,1
131967,363519,1
132570,240649,1
132583,132917,1
132583,133063,1
132583,202727,1
132724,222143,1
133691,133692,1
145621,156830,1
163926,163927,1
200449,258078,1
200601,260290,1
201228,269125,1
202762,224589,1
202804,225844,1
204208,224589,1
204235,316401,1
207713,234365,1
224589,375283,1
292584,292592,1
349683,562792,1
357730,554900,1
699428,699468,1
699791,699794,1
